INSERT INTO users (id, username, password, email, date_of_creation)
-- password for users -> password
VALUES (1, 'user1', '$2a$13$t4xBSqPzIW9qac4y.vid7uTZG0dAbB0A01Y8GGp0iE.VKLhYnSYdS', 'user1@mail.ru', CURRENT_TIMESTAMP),
       (2, 'user2', '$2a$13$wUY9v68joSHOyQ80ZWgLHuSpmhgaBG0gnvipTfmJOWQurA6zgsEzi', 'user2@mail.ru', CURRENT_TIMESTAMP),
       (3, 'user3', '$2a$13$pn.5/lGvK4gaflJuxqS2puBHkvDRpQPzd/6VE5lfo2VKRBTAIr5t6', 'user3@mail.ru', CURRENT_TIMESTAMP);

-- vote count
INSERT INTO vote_sum (id, score)
VALUES (1, 1),
       (2, 3),
       (3, -3),
       (4, -3),
       (5, -3),
       (6, 2),
       (7, 2),
       (8, 2),
       (9, 2),
       (10, 2),
       (11, 0),
       (12, 0),
       (13, 0),
       (14, 3),
       (15, 3);
-- quotes
INSERT INTO quote (id, content, date, user_id, vote_sum_id)
VALUES (1, 'Content1', CURRENT_TIMESTAMP, 1, 1),
       (2, 'Content2', CURRENT_TIMESTAMP, 1, 2),
       (3, 'Content3', CURRENT_TIMESTAMP, 1, 3),
       (4, 'Content4', CURRENT_TIMESTAMP, 2, 4),
       (5, 'Content5', CURRENT_TIMESTAMP, 2, 5),
       (6, 'Content6', CURRENT_TIMESTAMP, 2, 6),
       (7, 'Content7', CURRENT_TIMESTAMP, 2, 7),
       (8, 'Content8', CURRENT_TIMESTAMP, 2, 8),
       (9, 'Content9', CURRENT_TIMESTAMP, 2, 9),
       (10, 'Content10', CURRENT_TIMESTAMP, 2, 10),
       (11, 'Content11', CURRENT_TIMESTAMP, 2, 11),
       (12, 'Content12', CURRENT_TIMESTAMP, 3, 12),
       (13, 'Content13', CURRENT_TIMESTAMP, 3, 13),
       (14, 'Content14', CURRENT_TIMESTAMP, 3, 14),
       (15, 'Content15', CURRENT_TIMESTAMP, 3, 15);

-- votes
INSERT INTO vote (id, date, vote_number, quote_id, user_id)
VALUES (1, CURRENT_TIMESTAMP, 1, 1, 1),
       (2, CURRENT_TIMESTAMP, 1, 2, 1),
       (3, CURRENT_TIMESTAMP, -1, 3, 1),
       (4, CURRENT_TIMESTAMP, -1, 4, 1),
       (5, CURRENT_TIMESTAMP, -1, 5, 1),
       (6, CURRENT_TIMESTAMP, 1, 6, 1),
       (7, CURRENT_TIMESTAMP, 1, 7, 1),
       (8, CURRENT_TIMESTAMP, 1, 8, 1),
       (9, CURRENT_TIMESTAMP, 1, 9, 1),
       (10, CURRENT_TIMESTAMP, 1, 10, 1),
       (11, CURRENT_TIMESTAMP, 1, 11, 1),
       (12, CURRENT_TIMESTAMP, 1, 12, 1),
       (13, CURRENT_TIMESTAMP, 1, 13, 1),
       (14, CURRENT_TIMESTAMP, 1, 14, 1),
       (15, CURRENT_TIMESTAMP, 1, 15, 1),
       (16, CURRENT_TIMESTAMP, -1, 1, 2),
       (17, CURRENT_TIMESTAMP, 1, 2, 2),
       (18, CURRENT_TIMESTAMP, -1, 3, 2),
       (19, CURRENT_TIMESTAMP, -1, 4, 2),
       (20, CURRENT_TIMESTAMP, -1, 5, 2),
       (21, CURRENT_TIMESTAMP, 1, 6, 2),
       (22, CURRENT_TIMESTAMP, 1, 7, 2),
       (23, CURRENT_TIMESTAMP, 1, 8, 2),
       (24, CURRENT_TIMESTAMP, 1, 9, 2),
       (25, CURRENT_TIMESTAMP, 1, 10, 2),
       (26, CURRENT_TIMESTAMP, -1, 11, 2),
       (27, CURRENT_TIMESTAMP, -1, 12, 2),
       (28, CURRENT_TIMESTAMP, -1, 13, 2),
       (29, CURRENT_TIMESTAMP, 1, 14, 2),
       (30, CURRENT_TIMESTAMP, 1, 15, 2),
       (31, CURRENT_TIMESTAMP, 1, 1, 3),
       (32, CURRENT_TIMESTAMP, 1, 2, 3),
       (33, CURRENT_TIMESTAMP, -1, 3, 3),
       (34, CURRENT_TIMESTAMP, -1, 4, 3),
       (35, CURRENT_TIMESTAMP, -1, 5, 3),
       (36, CURRENT_TIMESTAMP, 1, 14, 3),
       (37, CURRENT_TIMESTAMP, 1, 15, 3);
